{
  "modules": [
    {
      "name": "AJIO",
      "submodules": [
        {
          "name": "B2B"
        },
        {
          "name": "B2C"
        }
      ]
    },
    {
      "name": "Digital",
      "submodules": [
        {
          "name": "B2B"
        },
        {
          "name": "B2C"
        }
      ]
    },
    {
      "name": "Grocery",
      "submodules": []
    },
    {
      "name": "SCM",
      "submodules": []
    },
    {
      "name": "Kirana Credit",
      "submodules": []
    },
    {
      "name": "Jio Mart",
      "submodules": []
    },
    {
      "name": "Treds",
      "submodules": []
    },
    {
      "name": "Others",
      "submodules": [
        {
          "name": "Others"
        }
      ]
    }
  ]
}
